{"cameraMode":{"drawMode":0,"name":"Shaded","section":"Shading Mode"},"sceneLighting":false,"audioPlay":false,"sceneViewState":{"showFog":true,"showMaterialUpdate":true,"showSkybox":false,"showFlares":true,"showImageEffects":true,"showParticleSystems":true},"in2DMode":false,"pivot":{"x":254.59237670898438,"y":339.06231689453127,"z":-11.09649658203125},"rotation":{"x":-2.1630413016282547e-8,"y":-0.02999548241496086,"z":-1.93219462651939e-9,"w":0.9995500445365906},"size":718.2059936523438,"orthographic":false}