{"cameraMode":{"drawMode":0,"name":"Shaded","section":"Shading Mode"},"sceneLighting":false,"audioPlay":false,"sceneViewState":{"showFog":true,"showMaterialUpdate":true,"showSkybox":false,"showFlares":true,"showImageEffects":true,"showParticleSystems":true},"in2DMode":false,"pivot":{"x":403.0721435546875,"y":276.70745849609377,"z":0.0},"rotation":{"x":-0.016492575407028199,"y":-0.028492247685790063,"z":-0.00047016676398925483,"w":0.999457836151123},"size":448.1705322265625,"orthographic":false}