{"cameraMode":{"drawMode":0,"name":"Shaded","section":"Shading Mode"},"sceneLighting":true,"audioPlay":false,"sceneViewState":{"showFog":true,"showMaterialUpdate":true,"showSkybox":true,"showFlares":true,"showImageEffects":true,"showParticleSystems":true},"in2DMode":false,"pivot":{"x":273.1728515625,"y":327.4607849121094,"z":4.764984130859375},"rotation":{"x":-0.016492575407028199,"y":-0.028492247685790063,"z":-0.00047016676398925483,"w":0.999457836151123},"size":401.6889343261719,"orthographic":false}